Case_ID,Scope,Method,M1,M2,M3,M4,M5,M6,M7,M8,M9,M10,M11,Q_Without_M2,Q_With_M2,F_Stable_B1,F_Stable_B1_PValue,F_Stable_D8,F_Stable_D8_PValue,F_Moving_D8,F_Moving_D8_PValue,Kruskal_Wallis_Chi,Kruskal_Wallis_PValue,Accept_Status
FP001,TH,X13,2.5720000000,0.4930000000,0.6810000000,1.1050000000,0.7560000000,0.5240000000,0.8170000000,1.4020000000,0.5790000000,1.3660000000,1.2900000000,1.0600000000,,5.6230000000,0.0000000000,8.1550000000,0.0000000000,1.2980000000,0.2145000000,63.3990000000,0.0000000000,CONDITIONALLY REJECTED
FP002,TH,X13,0.8470000000,0.0530000000,0.1050000000,0.5640000000,0.3800000000,0.1430000000,1.9620000000,1.6900000000,0.4090000000,1.6250000000,0.8710000000,0.8900000000,,3.7750000000,0.0001000000,5.9930000000,0.0000000000,13.0480000000,0.0000000000,76.4500000000,0.0000000000,CONDITIONALLY ACCEPTED
FP003,TH,NO_SIGNAL,,,,,,,,,,,,,,,,,,,,,,
FP004,TH,NO_SIGNAL,,,,,,,,,,,,,,,,,,,,,,
FP005,TH,NO_SIGNAL,,,,,,,,,,,,,,,,,,,,,,
FP006,TH,NO_SIGNAL,,,,,,,,,,,,,,,,,,,,,,
FP007,TH,NO_SIGNAL,,,,,,,,,,,,,,,,,,,,,,
FP008,TH,NO_SIGNAL,,,,,,,,,,,,,,,,,,,,,,
FP009,TH,NO_SIGNAL,,,,,,,,,,,,,,,,,,,,,,
FP010,TH,NO_SIGNAL,,,,,,,,,,,,,,,,,,,,,,
FP011,TH,NO_SIGNAL,,,,,,,,,,,,,,,,,,,,,,
FP012,TH,NO_SIGNAL,,,,,,,,,,,,,,,,,,,,,,
FP013,TH,NO_SIGNAL,,,,,,,,,,,,,,,,,,,,,,
FP014,TH,NO_SIGNAL,,,,,,,,,,,,,,,,,,,,,,
FU001,TH,X13,3.0000000000,2.9410000000,1.6510000000,0.2250000000,3.0000000000,0.7560000000,1.3360000000,1.6400000000,0.8760000000,1.2700000000,1.1900000000,1.5800000000,,3.3020000000,0.0004000000,4.3120000000,0.0000000000,2.7970000000,0.0010000000,44.1890000000,0.0000000000,REJECTED
FU002,TH,X13,2.4300000000,1.1150000000,1.0910000000,0.6540000000,1.5700000000,0.7600000000,1.1100000000,1.4140000000,0.4650000000,1.5260000000,1.2870000000,1.2300000000,,3.1130000000,0.0008000000,4.3490000000,0.0000000000,1.2390000000,0.2527000000,74.2330000000,0.0000000000,REJECTED
FU003,TH,NO_SIGNAL,,,,,,,,,,,,,,,,,,,,,,
FU004,TH,X13,1.4690000000,0.6070000000,0.2090000000,1.0370000000,3.0000000000,0.1980000000,2.2950000000,2.0460000000,1.6220000000,3.0000000000,2.5760000000,1.6800000000,,1.2740000000,0.2438000000,1.8340000000,0.0514000000,4.1090000000,0.0000000000,26.3600000000,0.0057000000,REJECTED
FU005,TH,X13,2.8160000000,1.2190000000,0.8960000000,0.2930000000,1.3200000000,0.1460000000,2.1540000000,2.2610000000,0.9330000000,3.0000000000,2.8150000000,1.5700000000,,1.7520000000,0.0665000000,2.4330000000,0.0076000000,5.1880000000,0.0000000000,13.4310000000,0.2661000000,REJECTED
FU006,TH,X13,3.0000000000,2.6490000000,1.8280000000,0.3610000000,3.0000000000,0.8840000000,1.7830000000,1.4050000000,1.0290000000,1.2350000000,1.1380000000,1.8100000000,,1.6830000000,0.0814000000,1.5160000000,0.1291000000,0.8810000000,0.5805000000,17.0050000000,0.1077000000,REJECTED
FU007,TH,NO_SIGNAL,,,,,,,,,,,,,,,,,,,,,,
FU008,TH,NO_SIGNAL,,,,,,,,,,,,,,,,,,,,,,
FU009,TH,NO_SIGNAL,,,,,,,,,,,,,,,,,,,,,,
FU010,TH,NO_SIGNAL,,,,,,,,,,,,,,,,,,,,,,
FU011,TH,NO_SIGNAL,,,,,,,,,,,,,,,,,,,,,,
FU012,TH,NO_SIGNAL,,,,,,,,,,,,,,,,,,,,,,
FU013,TH,NO_SIGNAL,,,,,,,,,,,,,,,,,,,,,,
FU014,TH,NO_SIGNAL,,,,,,,,,,,,,,,,,,,,,,
FP015,TH,NO_SIGNAL,,,,,,,,,,,,,,,,,,,,,,
FU015,TH,NO_SIGNAL,,,,,,,,,,,,,,,,,,,,,,
TP001,TH,X13,2.5730000000,0.7460000000,0.8820000000,0.0230000000,1.1970000000,0.2200000000,2.1010000000,1.7830000000,1.0760000000,3.0000000000,3.0000000000,1.4800000000,,2.2210000000,0.0156000000,2.3490000000,0.0100000000,4.5830000000,0.0000000000,27.2450000000,0.0042000000,REJECTED
TP002,TH,X13,3.0000000000,3.0000000000,1.9910000000,0.2250000000,3.0000000000,0.6670000000,1.3230000000,1.2360000000,0.6300000000,1.3310000000,1.2980000000,1.6700000000,,2.6680000000,0.0036000000,3.4730000000,0.0002000000,1.7200000000,0.0568000000,31.4410000000,0.0009000000,REJECTED
TP003,TH,X13,3.0000000000,1.7340000000,1.5000000000,0.2930000000,3.0000000000,0.7890000000,1.0290000000,1.6680000000,0.6660000000,1.5240000000,1.2120000000,1.5100000000,,4.3180000000,0.0000000000,4.7820000000,0.0000000000,1.0410000000,0.4157000000,46.9850000000,0.0000000000,REJECTED
TP004,TH,X13,2.3280000000,0.5610000000,0.6410000000,0.5640000000,0.7890000000,0.3190000000,1.5970000000,1.4070000000,0.8850000000,0.9700000000,0.9170000000,1.1100000000,,3.2960000000,0.0004000000,4.0090000000,0.0000000000,4.4870000000,0.0000000000,45.8170000000,0.0000000000,CONDITIONALLY REJECTED
TU001,TH,X13,1.9810000000,0.7370000000,0.3410000000,0.4960000000,0.9750000000,0.6740000000,2.8070000000,2.0460000000,0.8730000000,3.0000000000,2.8020000000,1.5600000000,,0.6090000000,0.8194000000,0.8450000000,0.5953000000,2.1070000000,0.0141000000,27.2560000000,0.0042000000,REJECTED
TU002,TH,X13,3.0000000000,3.0000000000,2.2850000000,1.1050000000,3.0000000000,0.2910000000,2.9290000000,2.3940000000,0.8200000000,3.0000000000,3.0000000000,2.2100000000,,0.8920000000,0.5497000000,0.8580000000,0.5823000000,11.8120000000,0.0000000000,10.1150000000,0.5201000000,REJECTED
TU003,TH,X13,3.0000000000,3.0000000000,2.2240000000,0.2480000000,3.0000000000,0.4390000000,1.8100000000,2.2850000000,0.7150000000,2.6720000000,2.6100000000,1.8700000000,,2.6380000000,0.0040000000,2.8750000000,0.0017000000,3.9430000000,0.0000000000,37.9840000000,0.0001000000,REJECTED
TU004,TH,X13,3.0000000000,2.2800000000,1.7060000000,0.1130000000,3.0000000000,0.5570000000,1.3490000000,1.7650000000,0.6170000000,1.6620000000,1.4580000000,1.5700000000,,4.0540000000,0.0000000000,4.1890000000,0.0000000000,2.7460000000,0.0012000000,40.6930000000,0.0000000000,REJECTED
TU005,TH,X13,3.0000000000,1.3580000000,1.0120000000,0.3830000000,0.7120000000,0.2330000000,1.3410000000,2.2180000000,0.8180000000,2.5260000000,2.1860000000,1.3200000000,,2.8550000000,0.0019000000,3.4700000000,0.0002000000,1.8280000000,0.0389000000,27.9500000000,0.0033000000,REJECTED
NP001,TH,X13,3.0000000000,0.3200000000,0.5800000000,0.7660000000,0.9070000000,0.2440000000,2.6870000000,2.2540000000,0.7290000000,3.0000000000,2.8030000000,1.6500000000,,0.8640000000,0.5770000000,1.2860000000,0.2359000000,5.7590000000,0.0000000000,15.6740000000,0.1537000000,REJECTED
NP002,TH,X13,2.5570000000,0.2230000000,0.6840000000,0.4280000000,0.7620000000,0.4130000000,1.9040000000,1.7850000000,0.5500000000,2.2420000000,1.8840000000,1.3000000000,,1.9940000000,0.0320000000,2.4340000000,0.0076000000,3.5500000000,0.0000000000,55.1290000000,0.0000000000,REJECTED
NP003,TH,X13,2.0440000000,0.2150000000,0.4700000000,1.4430000000,0.5730000000,0.1160000000,2.4480000000,1.6920000000,0.7910000000,2.4390000000,2.0810000000,1.3900000000,,1.5370000000,0.1227000000,2.3480000000,0.0101000000,12.3240000000,0.0000000000,23.8540000000,0.0134000000,REJECTED
NP004,TH,X13,2.6610000000,0.8260000000,0.8730000000,1.9840000000,1.1970000000,0.0860000000,2.3280000000,1.5230000000,0.8740000000,2.3840000000,2.1970000000,1.6000000000,,2.3590000000,0.0100000000,2.5430000000,0.0053000000,6.8550000000,0.0000000000,26.9260000000,0.0047000000,REJECTED
NU001,TH,X13,3.0000000000,3.0000000000,0.6490000000,2.3900000000,3.0000000000,0.1480000000,2.8460000000,2.3100000000,0.8540000000,3.0000000000,2.8820000000,2.1000000000,,0.9070000000,0.5346000000,0.9720000000,0.4734000000,4.6880000000,0.0000000000,41.6640000000,0.0000000000,REJECTED
NU002,TH,STL_FALLBACK,,,,,,,,,,,,,,,,,,,,,,
NU003,TH,NO_SIGNAL,,,,,,,,,,,,,,,,,,,,,,
NU004,TH,X13,0.3570000000,0.2360000000,0.0000000000,3.0000000000,3.0000000000,0.1120000000,2.7350000000,2.3950000000,0.6640000000,3.0000000000,3.0000000000,1.9600000000,,1.1370000000,0.3359000000,1.1750000000,0.3073000000,7.1900000000,0.0000000000,46.6480000000,0.0000000000,REJECTED
NP005,TH,X13,1.5980000000,0.1280000000,0.2870000000,1.4430000000,0.4680000000,0.3580000000,1.3220000000,1.3930000000,0.4280000000,1.3910000000,0.9870000000,0.9600000000,,5.4210000000,0.0000000000,8.8050000000,0.0000000000,7.9260000000,0.0000000000,77.1910000000,0.0000000000,CONDITIONALLY ACCEPTED
NP006,TH,X13,2.4210000000,0.3600000000,0.6050000000,0.8340000000,1.1070000000,0.1330000000,2.0440000000,1.6190000000,0.1950000000,2.2670000000,2.0970000000,1.3200000000,,1.8620000000,0.0479000000,2.3700000000,0.0094000000,4.2700000000,0.0000000000,82.7470000000,0.0000000000,REJECTED
FU016,TH,X13,2.6020000000,2.0690000000,0.7540000000,0.0450000000,3.0000000000,0.3970000000,2.3500000000,2.3070000000,0.4090000000,3.0000000000,3.0000000000,1.7600000000,,1.5570000000,0.1162000000,2.0540000000,0.0260000000,5.2300000000,0.0000000000,43.9980000000,0.0000000000,REJECTED
FU017,TH,X13,1.7890000000,0.4410000000,0.9940000000,0.1580000000,0.8380000000,0.9700000000,0.4900000000,0.4380000000,0.2620000000,0.2900000000,0.2480000000,0.6900000000,,18.3720000000,0.0000000000,25.2170000000,0.0000000000,1.6950000000,0.0617000000,106.7590000000,0.0000000000,ACCEPTED
FP016,TH,X13,2.8090000000,1.8050000000,0.9510000000,0.5640000000,1.2300000000,0.2550000000,2.2720000000,2.1940000000,0.7640000000,2.1140000000,1.9180000000,1.5300000000,,1.5170000000,0.1298000000,1.7450000000,0.0672000000,3.6690000000,0.0000000000,23.2340000000,0.0164000000,REJECTED
FP017,TH,X13,1.8230000000,0.8070000000,0.1780000000,2.0510000000,3.0000000000,0.0880000000,2.7000000000,2.5730000000,0.1250000000,3.0000000000,3.0000000000,1.8200000000,,0.9880000000,0.4591000000,1.2540000000,0.2550000000,7.3760000000,0.0000000000,33.6960000000,0.0004000000,REJECTED
FP018,TH,X13,3.0000000000,1.4950000000,0.9710000000,0.7660000000,3.0000000000,0.2910000000,2.7470000000,2.4000000000,0.4410000000,3.0000000000,3.0000000000,1.9700000000,,0.9410000000,0.5028000000,1.1490000000,0.3264000000,4.1070000000,0.0000000000,23.0080000000,0.0176000000,REJECTED
FP019,TH,X13,2.9500000000,0.7460000000,0.5050000000,1.8490000000,3.0000000000,0.1890000000,2.4810000000,1.4970000000,1.2960000000,3.0000000000,3.0000000000,1.9400000000,,1.7080000000,0.0756000000,2.1140000000,0.0216000000,6.4000000000,0.0000000000,28.6940000000,0.0025000000,REJECTED
FP020,TH,STL_FALLBACK,,,,,,,,,,,,,,,,,,,,,,
FP021,TH,X13,2.3200000000,0.8500000000,0.1930000000,1.1050000000,3.0000000000,0.1670000000,2.8080000000,1.7440000000,1.5970000000,3.0000000000,3.0000000000,1.8700000000,,0.9030000000,0.5388000000,1.0340000000,0.4186000000,8.0570000000,0.0000000000,15.0370000000,0.1808000000,REJECTED
FP022,TH,X13,2.9340000000,1.0970000000,0.8450000000,1.1720000000,3.0000000000,0.1120000000,2.7500000000,2.4840000000,0.6110000000,3.0000000000,3.0000000000,1.9800000000,,0.9890000000,0.4581000000,1.1430000000,0.3309000000,5.2510000000,0.0000000000,26.8540000000,0.0048000000,REJECTED
FP023,TH,X13,1.1790000000,0.2670000000,0.4440000000,0.6310000000,0.7230000000,0.2110000000,0.8740000000,1.1280000000,0.2870000000,1.4700000000,1.4330000000,0.7700000000,,9.3690000000,0.0000000000,10.7430000000,0.0000000000,3.1390000000,0.0002000000,85.0820000000,0.0000000000,ACCEPTED
FP024,TH,X13,3.0000000000,1.9960000000,1.6900000000,1.0370000000,3.0000000000,0.4460000000,2.6960000000,2.5290000000,0.9100000000,3.0000000000,2.9990000000,2.1300000000,,0.9010000000,0.5405000000,1.1210000000,0.3472000000,3.1020000000,0.0003000000,8.9590000000,0.6257000000,REJECTED
FP025,TH,NO_SIGNAL,,,,,,,,,,,,,,,,,,,,,,
FP026,TH,X13,3.0000000000,0.9850000000,0.5350000000,0.2250000000,1.1140000000,0.3640000000,2.3540000000,2.5170000000,0.5970000000,3.0000000000,2.9500000000,1.5800000000,,1.4030000000,0.1760000000,1.9370000000,0.0376000000,4.8220000000,0.0000000000,17.7790000000,0.0869000000,REJECTED
FP027,TH,X13,3.0000000000,2.4440000000,0.8070000000,1.9840000000,3.0000000000,0.5430000000,2.5540000000,2.0220000000,1.0890000000,2.6040000000,2.3200000000,2.0200000000,,1.4090000000,0.1731000000,1.7310000000,0.0701000000,5.3500000000,0.0000000000,65.5290000000,0.0000000000,REJECTED
FU018,TH,X13,2.6800000000,0.4720000000,1.0030000000,0.6310000000,0.8920000000,0.4350000000,0.9350000000,1.5360000000,0.6590000000,1.4040000000,1.2980000000,1.1100000000,,4.8100000000,0.0000000000,6.7650000000,0.0000000000,1.6090000000,0.0824000000,64.1980000000,0.0000000000,CONDITIONALLY REJECTED
FU019,TH,X13,3.0000000000,1.0980000000,1.1530000000,0.8570000000,1.0370000000,0.8130000000,1.7310000000,1.3930000000,0.9760000000,1.0750000000,1.0400000000,1.4700000000,,1.6400000000,0.0919000000,1.8480000000,0.0493000000,1.3570000000,0.1806000000,19.5250000000,0.0523000000,REJECTED
FU020,TH,X13,3.0000000000,1.9600000000,1.8490000000,0.2480000000,3.0000000000,1.3140000000,1.7680000000,1.2340000000,0.6210000000,1.0200000000,0.7520000000,1.7100000000,,2.0900000000,0.0237000000,2.2350000000,0.0146000000,2.3270000000,0.0061000000,25.7640000000,0.0070000000,REJECTED
FU021,TH,X13,3.0000000000,2.0380000000,1.6500000000,0.6540000000,3.0000000000,0.7570000000,3.0000000000,2.9650000000,1.0310000000,2.3990000000,1.9830000000,2.1600000000,,0.3740000000,0.9647000000,0.4810000000,0.9131000000,1.5130000000,0.1122000000,9.5660000000,0.5698000000,REJECTED
FU022,TH,X13,3.0000000000,3.0000000000,1.9940000000,0.7660000000,3.0000000000,0.4930000000,1.9130000000,1.8490000000,0.7100000000,2.8660000000,2.6670000000,1.8900000000,,2.0940000000,0.0234000000,2.1930000000,0.0167000000,3.0180000000,0.0004000000,22.9550000000,0.0179000000,REJECTED
FU023,TH,X13,1.1340000000,0.7210000000,0.5560000000,0.6310000000,0.6550000000,0.1270000000,1.0550000000,1.1470000000,0.6660000000,1.7140000000,1.6070000000,0.8500000000,,10.2800000000,0.0000000000,10.9330000000,0.0000000000,5.7860000000,0.0000000000,91.2020000000,0.0000000000,CONDITIONALLY ACCEPTED
FU024,TH,X13,2.7410000000,0.8360000000,0.8410000000,0.1130000000,1.2440000000,0.2680000000,1.7330000000,1.6890000000,0.5410000000,2.6100000000,2.4180000000,1.3500000000,,1.8000000000,0.0577000000,2.7120000000,0.0030000000,3.0970000000,0.0003000000,42.5380000000,0.0000000000,REJECTED
FU025,TH,X13,3.0000000000,1.4710000000,0.9080000000,0.1130000000,1.0520000000,0.6140000000,0.9650000000,1.4680000000,0.5300000000,1.4250000000,1.2970000000,1.1200000000,,4.9040000000,0.0000000000,5.4680000000,0.0000000000,1.0580000000,0.3999000000,53.2070000000,0.0000000000,CONDITIONALLY REJECTED
FU026,TH,X13,3.0000000000,2.2920000000,1.1470000000,0.8340000000,3.0000000000,0.3310000000,2.2250000000,2.2420000000,0.5450000000,2.6180000000,2.4940000000,1.8500000000,,1.2310000000,0.2701000000,1.4210000000,0.1671000000,2.3570000000,0.0055000000,21.7440000000,0.0264000000,REJECTED
FU027,TH,X13,3.0000000000,1.8080000000,1.2380000000,0.2930000000,2.0880000000,0.3870000000,1.7960000000,1.4930000000,0.3840000000,2.1090000000,1.9410000000,1.5000000000,,2.7760000000,0.0025000000,3.6150000000,0.0001000000,5.4420000000,0.0000000000,74.8980000000,0.0000000000,REJECTED
TP005,TH,X13,1.8090000000,0.0960000000,0.1300000000,0.0450000000,0.4390000000,0.0200000000,2.0020000000,1.7040000000,0.7030000000,1.8240000000,1.5970000000,1.0300000000,,1.4430000000,0.1581000000,2.5640000000,0.0049000000,4.5200000000,0.0000000000,29.0570000000,0.0022000000,CONDITIONALLY REJECTED
TP006,TH,X13,2.6900000000,0.5950000000,0.5740000000,0.2930000000,0.9160000000,0.4390000000,2.9910000000,2.0200000000,1.2350000000,1.5640000000,1.4560000000,1.5500000000,,0.5900000000,0.8348000000,0.7880000000,0.6522000000,2.6390000000,0.0018000000,20.1660000000,0.0431000000,REJECTED
TU006,TH,X13,1.5210000000,0.8810000000,0.8660000000,0.2250000000,0.8480000000,0.2420000000,0.7560000000,1.1580000000,0.6190000000,1.4770000000,1.4210000000,0.8400000000,,9.0700000000,0.0000000000,9.7340000000,0.0000000000,1.3720000000,0.1730000000,69.4760000000,0.0000000000,CONDITIONALLY ACCEPTED
FP001,REG_ISAN20,X13,3.0000000000,1.8510000000,1.5470000000,0.2010000000,3.0000000000,0.6610000000,2.2270000000,1.3160000000,0.8190000000,1.5350000000,1.5000000000,1.8600000000,,1.5240000000,0.1305000000,1.6690000000,0.0866000000,3.1850000000,0.0008000000,19.2180000000,0.0573000000,REJECTED
FP002,REG_ISAN20,STL_FALLBACK,,,,,,,,,,,,,,,,,,,,,,
FP003,REG_ISAN20,NO_SIGNAL,,,,,,,,,,,,,,,,,,,,,,
FP004,REG_ISAN20,NO_SIGNAL,,,,,,,,,,,,,,,,,,,,,,
FP005,REG_ISAN20,NO_SIGNAL,,,,,,,,,,,,,,,,,,,,,,
FP006,REG_ISAN20,NO_SIGNAL,,,,,,,,,,,,,,,,,,,,,,
FP007,REG_ISAN20,NO_SIGNAL,,,,,,,,,,,,,,,,,,,,,,
FP008,REG_ISAN20,NO_SIGNAL,,,,,,,,,,,,,,,,,,,,,,
FP009,REG_ISAN20,NO_SIGNAL,,,,,,,,,,,,,,,,,,,,,,
FP010,REG_ISAN20,NO_SIGNAL,,,,,,,,,,,,,,,,,,,,,,
FP011,REG_ISAN20,NO_SIGNAL,,,,,,,,,,,,,,,,,,,,,,
FP012,REG_ISAN20,NO_SIGNAL,,,,,,,,,,,,,,,,,,,,,,
FP013,REG_ISAN20,NO_SIGNAL,,,,,,,,,,,,,,,,,,,,,,
FP014,REG_ISAN20,NO_SIGNAL,,,,,,,,,,,,,,,,,,,,,,
FU001,REG_ISAN20,STL_FALLBACK,,,,,,,,,,,,,,,,,,,,,,
FU002,REG_ISAN20,X13,3.0000000000,3.0000000000,1.5800000000,0.4020000000,3.0000000000,0.6410000000,1.4340000000,1.9190000000,0.6330000000,1.9500000000,1.7850000000,1.6500000000,,2.5890000000,0.0053000000,2.6780000000,0.0038000000,1.3400000000,0.2106000000,28.8660000000,0.0024000000,REJECTED
FU003,REG_ISAN20,NO_SIGNAL,,,,,,,,,,,,,,,,,,,,,,
FU004,REG_ISAN20,X13,2.3930000000,1.8680000000,0.3180000000,1.8340000000,3.0000000000,0.4980000000,2.1220000000,1.4510000000,1.1030000000,1.6810000000,1.1330000000,1.6500000000,,1.2970000000,0.2336000000,2.0040000000,0.0322000000,3.6860000000,0.0002000000,44.5800000000,0.0000000000,REJECTED
FU005,REG_ISAN20,X13,2.2020000000,1.4670000000,0.1110000000,3.0000000000,3.0000000000,0.2380000000,2.6750000000,3.0000000000,1.2890000000,3.0000000000,3.0000000000,2.0800000000,,1.1620000000,0.3199000000,1.0130000000,0.4383000000,2.4990000000,0.0073000000,9.3880000000,0.5861000000,REJECTED
FU006,REG_ISAN20,STL_FALLBACK,,,,,,,,,,,,,,,,,,,,,,
FU007,REG_ISAN20,NO_SIGNAL,,,,,,,,,,,,,,,,,,,,,,
FU008,REG_ISAN20,NO_SIGNAL,,,,,,,,,,,,,,,,,,,,,,
FU009,REG_ISAN20,NO_SIGNAL,,,,,,,,,,,,,,,,,,,,,,
FU010,REG_ISAN20,NO_SIGNAL,,,,,,,,,,,,,,,,,,,,,,
FU011,REG_ISAN20,NO_SIGNAL,,,,,,,,,,,,,,,,,,,,,,
FU012,REG_ISAN20,NO_SIGNAL,,,,,,,,,,,,,,,,,,,,,,
FU013,REG_ISAN20,NO_SIGNAL,,,,,,,,,,,,,,,,,,,,,,
FU014,REG_ISAN20,NO_SIGNAL,,,,,,,,,,,,,,,,,,,,,,
FP015,REG_ISAN20,NO_SIGNAL,,,,,,,,,,,,,,,,,,,,,,
FU015,REG_ISAN20,NO_SIGNAL,,,,,,,,,,,,,,,,,,,,,,
TP001,REG_ISAN20,X13,3.0000000000,2.7100000000,1.6740000000,1.3810000000,3.0000000000,0.2270000000,3.0000000000,2.5830000000,1.1330000000,3.0000000000,3.0000000000,2.2100000000,,0.2770000000,0.9891000000,0.7480000000,0.6905000000,3.3580000000,0.0005000000,10.5490000000,0.4818000000,REJECTED
TP002,REG_ISAN20,X13,0.4740000000,0.3460000000,0.0000000000,2.1350000000,3.0000000000,0.1010000000,2.5910000000,2.8000000000,0.2960000000,2.4180000000,1.5810000000,1.5700000000,,1.1550000000,0.3250000000,1.1880000000,0.3009000000,2.9820000000,0.0015000000,27.1460000000,0.0044000000,REJECTED
TP003,REG_ISAN20,X13,3.0000000000,3.0000000000,1.5170000000,0.2010000000,3.0000000000,1.2820000000,3.0000000000,1.9270000000,0.9990000000,1.0000000000,0.9910000000,2.0500000000,,0.6650000000,0.7692000000,0.6260000000,0.8045000000,2.9400000000,0.0018000000,7.6710000000,0.7424000000,REJECTED
TP004,REG_ISAN20,X13,3.0000000000,3.0000000000,1.6090000000,0.0500000000,3.0000000000,0.7060000000,2.6350000000,1.6050000000,1.0340000000,0.8890000000,0.8850000000,1.9300000000,,0.7530000000,0.6854000000,0.7880000000,0.6516000000,1.3140000000,0.2249000000,11.3400000000,0.4152000000,REJECTED
TU001,REG_ISAN20,X13,2.2880000000,1.7200000000,0.1820000000,0.9290000000,3.0000000000,0.2230000000,2.3170000000,1.8170000000,1.3070000000,3.0000000000,3.0000000000,1.7400000000,,0.9980000000,0.4523000000,1.2600000000,0.2539000000,2.1770000000,0.0199000000,32.6510000000,0.0006000000,REJECTED
TU002,REG_ISAN20,NO_SIGNAL,,,,,,,,,,,,,,,,,,,,,,
TU003,REG_ISAN20,STL_FALLBACK,,,,,,,,,,,,,,,,,,,,,,
TU004,REG_ISAN20,X13,3.0000000000,3.0000000000,0.1850000000,3.0000000000,3.0000000000,0.4930000000,2.4300000000,2.6510000000,0.9870000000,3.0000000000,3.0000000000,2.1000000000,,0.9960000000,0.4541000000,1.0600000000,0.3981000000,1.8380000000,0.0547000000,4.4230000000,0.9559000000,REJECTED
TU005,REG_ISAN20,X13,3.0000000000,3.0000000000,0.8050000000,1.7580000000,3.0000000000,0.9490000000,3.0000000000,2.4730000000,0.7770000000,2.6120000000,2.1750000000,2.1400000000,,0.5460000000,0.8684000000,0.5170000000,0.8894000000,3.7540000000,0.0001000000,8.5330000000,0.6649000000,REJECTED
NP001,REG_ISAN20,NO_SIGNAL,,,,,,,,,,,,,,,,,,,,,,
NP002,REG_ISAN20,X13,3.0000000000,0.6870000000,0.7240000000,0.7790000000,1.0090000000,0.3770000000,2.4800000000,2.1650000000,0.6450000000,2.4020000000,1.6090000000,1.5600000000,,1.7330000000,0.0733000000,2.1220000000,0.0224000000,8.4490000000,0.0000000000,28.3540000000,0.0029000000,REJECTED
NP003,REG_ISAN20,X13,2.6970000000,1.2160000000,0.5750000000,1.3060000000,0.7330000000,0.0480000000,2.3580000000,1.6950000000,0.7420000000,2.0580000000,1.4200000000,1.4100000000,,2.5470000000,0.0061000000,3.2940000000,0.0005000000,15.5230000000,0.0000000000,33.0330000000,0.0005000000,REJECTED
NP004,REG_ISAN20,NO_SIGNAL,,,,,,,,,,,,,,,,,,,,,,
NU001,REG_ISAN20,NO_SIGNAL,,,,,,,,,,,,,,,,,,,,,,
NU002,REG_ISAN20,X13,3.0000000000,3.0000000000,2.4520000000,1.3060000000,3.0000000000,0.5360000000,2.7150000000,2.0020000000,1.3220000000,2.8220000000,2.8220000000,2.4400000000,,1.0020000000,0.4487000000,1.2180000000,0.2806000000,4.6320000000,0.0000000000,21.6800000000,0.0270000000,REJECTED
NU003,REG_ISAN20,NO_SIGNAL,,,,,,,,,,,,,,,,,,,,,,
NU004,REG_ISAN20,NO_SIGNAL,,,,,,,,,,,,,,,,,,,,,,
NP005,REG_ISAN20,X13,2.8830000000,0.2490000000,1.0020000000,0.3520000000,0.6940000000,0.4930000000,1.5640000000,1.7890000000,0.7820000000,1.6590000000,1.3410000000,1.2600000000,,3.6250000000,0.0002000000,4.7640000000,0.0000000000,5.4400000000,0.0000000000,46.6010000000,0.0000000000,REJECTED
NP006,REG_ISAN20,X13,3.0000000000,0.5020000000,0.7130000000,1.0050000000,1.0490000000,0.3330000000,2.2510000000,1.6840000000,0.4220000000,2.2360000000,2.1200000000,1.4900000000,,1.9000000000,0.0451000000,2.3280000000,0.0117000000,5.5320000000,0.0000000000,52.5790000000,0.0000000000,REJECTED
FU016,REG_ISAN20,X13,3.0000000000,2.2000000000,0.6030000000,0.6280000000,3.0000000000,0.3980000000,2.4220000000,2.1860000000,0.6940000000,3.0000000000,3.0000000000,1.8600000000,,1.4800000000,0.1466000000,2.0090000000,0.0318000000,5.5210000000,0.0000000000,25.0000000000,0.0091000000,REJECTED
FU017,REG_ISAN20,X13,3.0000000000,3.0000000000,1.8840000000,0.0500000000,3.0000000000,0.6260000000,1.8270000000,2.4810000000,0.7490000000,2.9220000000,2.7030000000,1.8700000000,,1.3330000000,0.2138000000,1.6010000000,0.1046000000,1.2300000000,0.2746000000,16.2170000000,0.1333000000,REJECTED
FP016,REG_ISAN20,X13,1.3870000000,0.7730000000,0.0150000000,3.0000000000,3.0000000000,0.0850000000,2.6070000000,2.7160000000,0.1780000000,3.0000000000,3.0000000000,1.8300000000,,1.1540000000,0.3260000000,1.1950000000,0.2959000000,3.0810000000,0.0011000000,49.2220000000,0.0000000000,REJECTED
FP017,REG_ISAN20,X13,0.7040000000,0.8520000000,0.0000000000,1.6070000000,3.0000000000,0.3780000000,2.6270000000,2.7690000000,0.0780000000,3.0000000000,3.0000000000,1.6600000000,,1.1100000000,0.3590000000,1.4570000000,0.1545000000,6.8400000000,0.0000000000,57.0110000000,0.0000000000,REJECTED
FP018,REG_ISAN20,NO_SIGNAL,,,,,,,,,,,,,,,,,,,,,,
FP019,REG_ISAN20,NO_SIGNAL,,,,,,,,,,,,,,,,,,,,,,
FP020,REG_ISAN20,X13,2.1020000000,1.7780000000,0.7680000000,0.8540000000,3.0000000000,0.3380000000,2.9580000000,2.2470000000,1.3000000000,3.0000000000,3.0000000000,1.9500000000,,1.1620000000,0.3198000000,0.8230000000,0.6168000000,5.2540000000,0.0000000000,13.3160000000,0.2732000000,REJECTED
FP021,REG_ISAN20,X13,2.0010000000,1.2200000000,0.2220000000,1.0800000000,3.0000000000,0.1440000000,2.7490000000,1.9430000000,1.7640000000,3.0000000000,3.0000000000,1.8500000000,,1.0360000000,0.4191000000,1.1450000000,0.3313000000,10.2530000000,0.0000000000,23.6230000000,0.0144000000,REJECTED
FP022,REG_ISAN20,X13,3.0000000000,2.4870000000,0.7630000000,1.3810000000,3.0000000000,0.1670000000,2.4720000000,2.5530000000,0.5710000000,2.9110000000,2.6560000000,1.9300000000,,1.1800000000,0.3074000000,1.1810000000,0.3055000000,2.4760000000,0.0078000000,31.8940000000,0.0008000000,REJECTED
FP023,REG_ISAN20,X13,3.0000000000,1.0060000000,1.0570000000,0.0250000000,0.9870000000,0.6740000000,1.3590000000,1.0280000000,0.8360000000,1.0330000000,0.9870000000,1.2300000000,,3.8450000000,0.0001000000,5.3740000000,0.0000000000,4.2870000000,0.0000000000,50.3830000000,0.0000000000,REJECTED
FP024,REG_ISAN20,NO_SIGNAL,,,,,,,,,,,,,,,,,,,,,,
FP025,REG_ISAN20,NO_SIGNAL,,,,,,,,,,,,,,,,,,,,,,
FP026,REG_ISAN20,X13,3.0000000000,1.4940000000,0.4390000000,0.7030000000,2.1360000000,0.2910000000,2.0050000000,2.4120000000,0.5750000000,2.5880000000,1.9990000000,1.5900000000,,1.7970000000,0.0610000000,2.5050000000,0.0066000000,4.3820000000,0.0000000000,22.9950000000,0.0177000000,REJECTED
FP027,REG_ISAN20,NO_SIGNAL,,,,,,,,,,,,,,,,,,,,,,
FU018,REG_ISAN20,X13,3.0000000000,3.0000000000,1.9260000000,0.1760000000,3.0000000000,1.1790000000,1.4880000000,1.2080000000,0.8440000000,1.2430000000,1.1760000000,1.7000000000,,1.8440000000,0.0532000000,2.6350000000,0.0043000000,1.5540000000,0.1211000000,16.1500000000,0.1356000000,REJECTED
FU019,REG_ISAN20,STL_FALLBACK,,,,,,,,,,,,,,,,,,,,,,
FU020,REG_ISAN20,NO_SIGNAL,,,,,,,,,,,,,,,,,,,,,,
FU021,REG_ISAN20,NO_SIGNAL,,,,,,,,,,,,,,,,,,,,,,
FU022,REG_ISAN20,NO_SIGNAL,,,,,,,,,,,,,,,,,,,,,,
FU023,REG_ISAN20,X13,2.4800000000,1.4470000000,1.8370000000,0.1760000000,1.6410000000,0.0760000000,1.5960000000,1.4430000000,1.1470000000,1.9680000000,1.8680000000,1.4100000000,,5.4470000000,0.0000000000,5.5770000000,0.0000000000,7.1360000000,0.0000000000,47.2240000000,0.0000000000,REJECTED
FU024,REG_ISAN20,X13,3.0000000000,3.0000000000,1.4090000000,1.2310000000,3.0000000000,0.2270000000,2.6410000000,2.2660000000,1.1710000000,3.0000000000,3.0000000000,2.0800000000,,1.3110000000,0.2258000000,1.4150000000,0.1724000000,4.5420000000,0.0000000000,13.4020000000,0.2679000000,REJECTED
FU025,REG_ISAN20,X13,3.0000000000,3.0000000000,2.2610000000,0.1760000000,3.0000000000,0.6230000000,2.2760000000,1.9990000000,1.1660000000,2.6070000000,2.3040000000,1.9800000000,,1.5020000000,0.1386000000,1.9120000000,0.0426000000,4.2720000000,0.0000000000,14.4590000000,0.2086000000,REJECTED
FU026,REG_ISAN20,NO_SIGNAL,,,,,,,,,,,,,,,,,,,,,,
FU027,REG_ISAN20,X13,3.0000000000,3.0000000000,2.0490000000,1.9090000000,3.0000000000,0.2070000000,2.4080000000,2.1560000000,1.5130000000,3.0000000000,3.0000000000,2.1800000000,,1.2990000000,0.2321000000,1.2220000000,0.2777000000,2.3900000000,0.0102000000,17.9620000000,0.0825000000,REJECTED
TP005,REG_ISAN20,X13,2.5080000000,0.1270000000,0.4720000000,0.0500000000,0.5030000000,0.7290000000,1.4940000000,1.4940000000,0.9290000000,1.4690000000,1.2620000000,1.1000000000,,2.2990000000,0.0133000000,3.0980000000,0.0009000000,2.2760000000,0.0146000000,35.7060000000,0.0002000000,CONDITIONALLY REJECTED
TP006,REG_ISAN20,X13,3.0000000000,1.7100000000,0.9830000000,0.1760000000,1.2060000000,0.4460000000,1.6000000000,1.9120000000,0.8970000000,1.8410000000,1.5840000000,1.3600000000,,1.9850000000,0.0350000000,1.9850000000,0.0341000000,1.0560000000,0.4030000000,25.9160000000,0.0067000000,REJECTED
TU006,REG_ISAN20,X13,3.0000000000,3.0000000000,2.5760000000,0.7280000000,3.0000000000,0.9130000000,2.2750000000,1.9780000000,0.9750000000,2.4120000000,1.9230000000,2.0500000000,,1.4130000000,0.1746000000,1.6890000000,0.0818000000,3.4960000000,0.0003000000,21.1840000000,0.0315000000,REJECTED
